id,first_name,last_name,created_at
1,Michael,P.,2017-12-31 12:30:02.804751
2,Shawn,M.,2018-01-10 22:20:04.195343
3,Kathleen,P.,2018-01-01 19:02:08.543559
4,Jimmy,C.,2018-03-20 15:22:33.242975
5,Katherine,R.,2018-03-20 15:22:33.242975
6,Sarah,R.,2018-02-18 22:59:59.215013
7,Martin,M.,2018-01-13 01:07:12.445686
8,Frank,R.,2018-01-28 15:04:05.882921
9,Jennifer,F.,2018-03-16 22:50:22.769872
10,Henry,W.,2018-03-20 15:22:33.242975
11,Fred,S.,2018-03-22 23:15:48.064237
12,Amy,D.,2018-03-02 10:58:12.269086
13,Kathleen,M.,2018-03-06 06:15:49.959051
14,Steve,F.,2018-03-20 15:22:33.242975
15,Teresa,H.,2018-03-20 15:22:33.242975
16,Amanda,H.,2018-02-01 08:56:59.857964
17,Kimberly,R.,2018-03-20 15:22:33.242975
18,Johnny,K.,2018-02-26 13:51:16.660244
19,Virginia,F.,2018-03-15 18:42:36.820346
20,Anna,A.,2018-01-22 07:28:45.284323
21,Willie,H.,2018-03-27 18:29:26.587066
22,Sean,H.,2018-01-25 20:37:52.903954
23,Mildred,A.,2018-03-20 15:22:33.242975
24,David,G.,2018-03-20 15:22:33.242975
25,Victor,H.,2018-01-16 23:33:06.319398
26,Aaron,R.,2018-02-10 18:46:05.960459
27,Benjamin,B.,2018-02-19 21:07:09.510178
28,Lisa,W.,2018-02-03 02:03:11.007879
29,Benjamin,K.,2018-03-20 15:22:33.242975
30,Christina,W.,2018-03-01 23:57:09.303946
31,Jane,G.,2018-02-16 22:41:52.798877
32,Thomas,O.,2018-01-27 03:35:40.073328
33,Katherine,M.,2018-02-12 23:12:42.016092
34,Jennifer,S.,2018-02-25 19:26:20.601351
35,Sara,T.,2018-02-20 12:18:20.951756
36,Harold,O.,2018-03-09 20:13:47.134688
37,Shirley,J.,2018-03-20 15:22:33.242975
38,Dennis,J.,2018-02-05 12:46:43.982926
39,Louise,W.,2018-01-16 23:06:19.897911
40,Maria,A.,2018-01-16 14:02:10.579207
41,Gloria,C.,2018-04-06 16:16:47.263954
42,Diana,S.,2018-02-03 17:55:01.916702
43,Kelly,N.,2018-03-20 15:22:33.242975
44,Jane,R.,2018-03-20 15:22:33.242975
45,Scott,B.,2018-03-20 15:22:33.242975
46,Norma,C.,2018-03-23 13:53:45.177661
47,Marie,P.,2018-03-25 22:56:59.127935
48,Lillian,C.,2018-03-20 15:22:33.242975
49,Judy,N.,2018-03-20 15:22:33.242975
50,Billy,L.,2018-01-04 18:51:56.427503
51,Howard,R.,2018-01-27 08:37:39.242740
52,Laura,F.,2018-03-22 20:53:26.107392
53,Anne,B.,2018-01-11 10:11:13.295364
54,Rose,M.,2018-01-06 09:21:54.130251
55,Nicholas,R.,2018-03-20 15:22:33.242975
56,Joshua,K.,2018-03-20 15:22:33.242975
57,Paul,W.,2018-01-30 17:28:25.988280
58,Kathryn,K.,2018-03-20 15:22:33.242975
59,Adam,A.,2018-01-14 18:15:53.342916
60,Norma,W.,2018-03-20 15:22:33.242975
61,Timothy,R.,2018-03-20 15:22:33.242975
62,Elizabeth,P.,2018-03-20 15:22:33.242975
63,Edward,G.,2018-03-02 16:22:16.151983
64,David,C.,2018-01-04 17:44:04.068062
65,Brenda,W.,2018-03-20 15:22:33.242975
66,Adam,W.,2018-02-15 23:55:52.298549
67,Michael,H.,2018-03-20 15:22:33.242975
68,Jesse,E.,2018-03-25 06:33:10.738401
69,Janet,P.,2018-02-01 09:52:31.994846
70,Helen,F.,2018-03-05 17:13:11.656171
71,Gerald,C.,2018-01-17 22:34:07.913143
72,Kathryn,O.,2018-03-20 15:22:33.242975
73,Alan,B.,2018-03-20 15:22:33.242975
74,Harry,A.,2018-03-20 15:22:33.242975
75,Andrea,H.,2018-03-20 15:22:33.242975
76,Barbara,W.,2018-03-22 22:10:41.572170
77,Anne,W.,2018-03-20 15:22:33.242975
78,Harry,H.,2018-03-20 15:22:33.242975
79,Jack,R.,2018-02-27 23:14:56.674926
80,Phillip,H.,2018-02-07 15:47:51.139733
81,Shirley,H.,2018-03-20 15:22:33.242975
82,Arthur,D.,2018-03-20 15:22:33.242975
83,Virginia,R.,2018-03-20 15:22:33.242975
84,Christina,R.,2018-01-16 19:31:26.782971
85,Theresa,M.,2018-02-09 23:42:53.136295
86,Jason,C.,2018-01-23 18:38:52.962190
87,Phillip,B.,2018-03-20 15:22:33.242975
88,Adam,T.,2018-01-08 08:12:25.696691
89,Margaret,J.,2018-04-06 09:28:55.457201
90,Paul,P.,2018-03-22 17:36:58.816013
91,Todd,W.,2018-03-26 23:19:18.765125
92,Willie,O.,2018-02-15 23:58:32.373354
93,Frances,R.,2018-02-28 06:03:47.216696
94,Gregory,H.,2018-01-03 10:31:22.207787
95,Lisa,P.,2018-03-20 15:22:33.242975
96,Jacqueline,A.,2018-03-20 15:22:33.242975
97,Shirley,D.,2018-03-20 15:22:33.242975
98,Nicole,M.,2018-03-20 15:22:33.242975
99,Mary,G.,2018-01-13 22:26:34.904700
100,Jean,M.,2018-03-20 15:22:33.242975
